{"bias": 0.06588411331176758, "branch": [[1.0999411344528198, 0.5400946140289307, 0.6027452945709229, 0.08024776726961136, 0.21519407629966736, 0.40694376826286316, 0.03496662154793739, -0.2148514688014984], [0.15773871541023254, 0.9538246989250183, 0.9321514964103699, 0.43407341837882996, 0.8886273503303528, 0.5390039682388306, 0.042398035526275635, 0.06024612858891487], [0.19344666600227356, 0.8787206411361694, 0.3910037577152252, 0.43109753727912903, 0.5390172600746155, 0.943274199962616, 0.20874500274658203, -0.13696002960205078], [0.36478376388549805, 0.22522082924842834, 0.2959883213043213, 0.7800968885421753, 0.8141005635261536, 0.8383080363273621, 1.1152114868164062, 0.5807217955589294], [0.7255359888076782, 1.0311089754104614, 0.8560712933540344, 1.0222463607788086, -0.10823225229978561, 0.37300175428390503, 0.6041771173477173, 0.8250352740287781], [0.03002617135643959, -0.041260745376348495, 0.1356842815876007, -0.11889747530221939, 1.3852109909057617, 0.49281227588653564, 0.4088364839553833, 0.6968480944633484], [0.9882867336273193, 0.5439854264259338, 0.6061792969703674, 0.47015872597694397, 0.40523189306259155, 0.7494393587112427, 0.5998541712760925, 1.0746320486068726], [0.7354511618614197, -0.02369733713567257, 0.7866913080215454, 0.014001348987221718, 0.16944749653339386, 0.6400989294052124, 0.16601254045963287, 0.6485555768013]], "trunk": [[0.4796757102012634, 0.1785012036561966, 0.6562027335166931, 0.9486445784568787, 0.21535810828208923, 0.501081645488739, 0.3069761395454407, 0.7825008630752563], [0.14415080845355988, 0.6203336119651794, -0.17274168133735657, -0.7659896612167358, 0.45645761489868164, 0.9823877215385437, 0.14570391178131104, 0.0797550231218338], [0.7370761632919312, 1.0637692213058472, 0.2791953980922699, 0.36969009041786194, 0.6177247762680054, 0.21548853814601898, 1.4504404067993164, 0.23893077671527863], [-0.18418289721012115, 0.21603967249393463, 0.6019924879074097, -0.03237079828977585, 0.31689298152923584, 0.23124989867210388, 0.1854201704263687, 0.18339261412620544], [-0.22665071487426758, 0.4348345696926117, 0.4655005633831024, 0.4004055857658386, 0.9553847908973694, 0.9101932644844055, 0.34773489832878113, 0.4765858054161072], [-0.2166907787322998, 0.6110074520111084, 0.3990017771720886, 1.4847193956375122, 0.7351503372192383, 1.0489801168441772, 0.7514333128929138, 0.2436152994632721], [0.33708620071411133, -0.31829044222831726, 0.4182267189025879, 0.8894913196563721, 0.28993555903434753, 0.1649402678012848, -0.1805642694234848, 0.0005818577483296394], [0.1344788372516632, 0.11072073131799698, 1.0179108381271362, 0.20844992995262146, 0.3364943861961365, 1.2699958086013794, 0.38430967926979065, 0.2636759877204895]]}