{"bias": -0.01709400862455368, "branch": [[[0.6648590564727783, 0.8674281239509583, 0.705085039138794], [0.9548918008804321, 0.8659363985061646, 0.6952342987060547], [-0.050082430243492126, 0.12150359898805618, 0.2773498296737671], [1.0147114992141724, 0.6649876236915588, 0.6043665409088135], [0.39299777150154114, 0.655688464641571, 0.20625242590904236], [0.7234295606613159, 0.10107570141553879, 0.3480178117752075], [0.10404049605131149, 0.451873242855072, 0.6434294581413269], [0.018526867032051086, 0.9579901695251465, 0.5653310418128967], [0.33932721614837646, 0.027279561385512352, 0.654879629611969], [0.25934848189353943, 0.49322864413261414, 0.02687646448612213], [1.2312469482421875, 0.6072561144828796, 0.2551502585411072], [-0.1479252576828003, 0.923395037651062, 0.7576826810836792], [-0.046913694590330124, 0.1651720404624939, 0.8610087633132935], [1.0100176334381104, 1.252265453338623, 0.7477072477340698], [1.0542937517166138, 0.5079154372215271, 0.52665776014328]], [[0.36605244874954224, 0.5120636820793152, 0.9141963720321655], [0.13498163223266602, -0.05202213302254677, 0.3172552287578583], [0.6562474966049194, 0.7843918800354004, 0.2375662475824356], [0.7070168852806091, 0.549987256526947, -0.2818668782711029], [0.4352036714553833, 0.5246767997741699, 0.22398631274700165], [-0.16778241097927094, 0.3694908618927002, 0.2554629147052765], [0.5401895046234131, -0.34133806824684143, -0.19515396654605865], [0.2709735333919525, 0.610079288482666, 0.2310253232717514], [0.25616347789764404, 0.27097344398498535, -0.061541806906461716], [0.35805046558380127, -0.17045629024505615, 0.1887325644493103], [0.594336211681366, 0.6518500447273254, 1.0512182712554932], [0.40948912501335144, 0.6747883558273315, 0.2540850341320038], [1.0271474123001099, 0.09984876960515976, 0.875485897064209], [0.8556179404258728, 1.0523967742919922, -0.011707616969943047], [0.1153179481625557, -0.16087737679481506, 0.3864555358886719]], [[0.4599919021129608, 0.9055702686309814, 0.21132740378379822], [0.5499520897865295, 0.9700739979743958, 0.7612730264663696], [0.00533854216337204, 0.9187076687812805, 1.1435356140136719], [-0.594741940498352, 0.6157549619674683, 0.02818254381418228], [0.5728505849838257, 0.7132208347320557, 0.7028087973594666], [0.12350746244192123, 0.7807843089103699, 0.7174260020256042], [0.5189249515533447, -0.5254227519035339, -0.3960009217262268], [0.41431695222854614, -0.4142366051673889, 0.7383425831794739], [0.49166786670684814, 0.6028445363044739, 0.33000999689102173], [-0.01103868056088686, 0.4609938859939575, 0.5077787637710571], [0.6771141886711121, 0.7481130361557007, 0.1853684037923813], [-0.03807586804032326, 0.9565704464912415, 0.14284391701221466], [0.2792969048023224, 0.5599983930587769, 0.9991514682769775], [0.426108181476593, 0.1529141664505005, 0.3724935054779053], [0.3061232566833496, 0.45352089405059814, 0.8298846483230591]], [[0.6345446705818176, -0.42141833901405334, 0.6899109482765198], [0.9044522047042847, 1.0190333127975464, 0.5417621731758118], [0.9474998712539673, 0.31905439496040344, 0.18533872067928314], [0.12523207068443298, 0.3517724871635437, 0.6067816019058228], [0.11114761233329773, 0.19211533665657043, 0.6073521971702576], [0.8147277235984802, 0.3930623233318329, -0.16154073178768158], [-0.20415231585502625, 0.730816662311554, 0.04885101318359375], [0.7125729322433472, 0.8526840806007385, 0.4108542203903198], [0.36466184258461, 1.5188299417495728, 1.008110761642456], [0.8643293380737305, 0.6915771961212158, 0.5433515906333923], [0.013075253926217556, 0.7023200392723083, 0.015246585011482239], [0.15252980589866638, -0.20673158764839172, 0.5805462598800659], [1.007596731185913, 0.6612038612365723, 0.38860681653022766], [0.053814880549907684, 0.703874409198761, 0.37669119238853455], [0.4352369010448456, -0.4391075670719147, 0.41833585500717163]], [[0.5775918364524841, 1.265486240386963, 0.18235047161579132], [0.5306696891784668, 0.339305579662323, 0.17877686023712158], [0.23716504871845245, -0.2318965643644333, 0.43078574538230896], [0.19449374079704285, -0.07558882981538773, 0.32549920678138733], [0.4443897604942322, 0.8847182989120483, 0.03926553949713707], [0.7445312142372131, 0.7974029183387756, 0.5059033632278442], [0.33054080605506897, 0.4660007953643799, 0.08358290046453476], [-0.26411882042884827, 1.084175705909729, 0.41346511244773865], [0.947303295135498, -0.2596634030342102, 0.8448055982589722], [-0.0007969949510879815, 0.5466479063034058, 0.4474707245826721], [0.861370325088501, 0.8563116192817688, 0.39729413390159607], [0.7696973085403442, 0.8168771266937256, -0.04729347676038742], [-0.02554219588637352, 0.8604451417922974, 0.35931921005249023], [0.22512106597423553, 0.43131959438323975, 0.5960609912872314], [0.8605820536613464, 0.37222468852996826, 0.15213385224342346]], [[0.9305141568183899, 1.6023600101470947, 0.6150111556053162], [0.26161354780197144, -0.20214462280273438, 0.7944071888923645], [-0.3992113769054413, 0.8095844984054565, 0.4502079486846924], [0.11570350080728531, 0.3394235670566559, -0.06125401705503464], [0.8321176171302795, 1.0504417419433594, 0.5784186124801636], [0.04348234832286835, 0.7229851484298706, 0.32364368438720703], [0.45208677649497986, 0.5532902479171753, 0.7290307879447937], [1.0106226205825806, 0.5529508590698242, 0.8107941150665283], [0.22014884650707245, 0.07865806668996811, -0.02946717105805874], [0.18886972963809967, 0.08094806224107742, 0.5657578110694885], [0.41455429792404175, 1.2505288124084473, 0.18125610053539276], [0.3103506565093994, 0.38903680443763733, 0.5956721901893616], [0.8207463026046753, 0.44146522879600525, 0.4224465787410736], [0.027685577049851418, 0.09275972843170166, -0.03788464888930321], [0.814580500125885, 0.7670268416404724, -0.033317387104034424]], [[-0.24714155495166779, 0.12311612069606781, 0.2880341708660126], [0.0685073733329773, 0.3888486921787262, 1.0619641542434692], [-0.03813223913311958, -0.7083580493927002, -0.13574539124965668], [0.6474099159240723, 0.40465211868286133, 0.31775519251823425], [0.46849262714385986, 1.0977957248687744, 0.6588115692138672], [0.20590287446975708, 0.19759611785411835, 0.4978240728378296], [0.36798095703125, 0.36322394013404846, 1.0896531343460083], [1.1387747526168823, 0.7934694290161133, 0.6441920399665833], [0.7612053155899048, 0.467107355594635, 0.6449354887008667], [0.32099801301956177, 0.21093256771564484, 0.6248072981834412], [0.0985766351222992, 0.44143134355545044, 0.3683336675167084], [0.4465467929840088, 0.1785985678434372, 0.4105363190174103], [-0.23236910998821259, 0.21742376685142517, 0.5895724296569824], [0.7695695757865906, 0.2499263733625412, 0.2682639956474304], [0.6839303970336914, 1.2106690406799316, 0.6632080674171448]], [[-0.3350652754306793, 0.5582883954048157, 1.1794004440307617], [1.1337416172027588, 0.46009236574172974, 1.0414749383926392], [0.12752805650234222, 1.0277167558670044, 0.7728310823440552], [0.4781820774078369, 0.7348710298538208, 0.3084403872489929], [0.6290085911750793, 0.5130355358123779, 1.1341793537139893], [0.0126356091350317, 0.8594131469726562, 0.35714635252952576], [0.6506844758987427, 0.29081234335899353, 0.003399986308068037], [0.12529532611370087, -0.42795529961586, 0.4029857814311981], [0.7669640779495239, 1.1501355171203613, 0.8062484264373779], [0.6132591962814331, 1.0126227140426636, 0.3000071942806244], [0.14532044529914856, 1.0643341541290283, 1.3332939147949219], [0.14706984162330627, 0.565083384513855, 1.0139998197555542], [0.7475156188011169, 0.956699013710022, 0.09994422644376755], [0.3703893721103668, 1.2548871040344238, 0.41804012656211853], [0.6596295833587646, 0.9218593239784241, 0.4820951819419861]], [[0.46883150935173035, 1.1900365352630615, 0.6032243371009827], [0.5996218323707581, 0.45561301708221436, 0.23291055858135223], [0.5878872275352478, 0.41013303399086, 0.5792925953865051], [0.1279289722442627, 0.6234884858131409, -0.17640036344528198], [1.2903982400894165, 0.2982845902442932, 1.0490437746047974], [0.2095981240272522, 0.02063373476266861,