{"bias": -0.02209913544356823, "branch": [[[0.10901185125112534, 1.5760530233383179, 0.6048864722251892], [0.7014628052711487, 0.2532152533531189, 0.300420343875885], [0.2027033120393753, -0.6035559773445129, 0.8099427819252014], [0.6315169334411621, 0.13395307958126068, 1.2920231819152832], [0.48415738344192505, 0.4636816680431366, 0.749032199382782], [0.3111632168292999, -0.31737059354782104, 0.30194005370140076], [0.1743808090686798, -0.03318731114268303, 0.14183154702186584], [1.3381683826446533, 0.8107169270515442, 1.5201750993728638], [0.4746757447719574, 0.9292886257171631, -0.04924514517188072], [0.2805350720882416, 0.6189203262329102, 1.3394012451171875], [-0.41294291615486145, -0.5071126222610474, 0.10549967736005783]], [[0.843446671962738, -0.07650218904018402, 0.3832817077636719], [0.6813389658927917, 1.56753671169281, 0.5422948002815247], [0.7385912537574768, 0.7777876257896423, -0.20656706392765045], [1.2101532220840454, 0.5807449817657471, -0.3157179355621338], [0.7646357417106628, 0.605560302734375, 0.26406991481781006], [-0.03017878718674183, 0.8885805010795593, 0.7361909747123718], [0.5990907549858093, 0.894198477268219, 0.7067448496818542], [1.5394569635391235, 0.37653809785842896, 1.1801116466522217], [-0.14058564603328705, 0.875154972076416, 0.23205822706222534], [1.5012145042419434, 1.7964096069335938, 0.6220410466194153], [0.06631478667259216, 0.22154952585697174, 0.9192661046981812]], [[0.6686893105506897, 0.8999009132385254, 0.9192498922348022], [-0.0685720145702362, 1.2237741947174072, 0.6895350217819214], [-0.0001322427560808137, 0.2106749415397644, -0.08164370805025101], [-0.8362929821014404, 1.5937261581420898, 0.871918261051178], [0.5108593106269836, 0.1266120970249176, 0.5580705404281616], [0.7722526788711548, 0.7300968766212463, 0.3324873447418213], [1.0457749366760254, 0.7970753312110901, 0.44390249252319336], [0.8842346668243408, -0.4974587857723236, 0.47839218378067017], [0.42281365394592285, -0.3580666482448578, 0.6245091557502747], [0.618682324886322, 0.9436096549034119, 0.19562053680419922], [0.5524926781654358, 0.42376551032066345, 1.0503056049346924]], [[0.5273012518882751, 1.2603493928909302, 0.5666464567184448], [0.3627973198890686, -0.3201235234737396, 1.2695688009262085], [0.521713137626648, 1.197896957397461, 0.7080060243606567], [0.4480455815792084, -0.3212845027446747, 0.8519076108932495], [0.5604599118232727, -0.004583530128002167, 0.2452465146780014], [0.8887781500816345, 0.0819651186466217, 0.3725261092185974], [1.3201031684875488, 1.3295137882232666, 0.6426705121994019], [0.4798901677131653, 0.28394803404808044, 0.584993302822113], [0.29401424527168274, 0.4523978531360626, 0.2690143883228302], [0.44989722967147827, 1.2011595964431763, 0.9338536858558655], [1.184382438659668, 0.9961097836494446, 0.6850387454032898]], [[0.43424299359321594, 1.0389702320098877, -0.13821136951446533], [0.6252490282058716, 0.8949732780456543, 0.7842084169387817], [1.0925345420837402, 0.15995723009109497, 0.529159665107727], [0.20083795487880707, 0.4464453160762787, -0.40759801864624023], [0.8204797506332397, 1.2506814002990723, 0.9308779835700989], [0.09761834889650345, 0.2510186433792114, 0.13730229437351227], [0.2751454710960388, 0.43810033798217773, 0.5580444931983948], [-0.1116994097828865, 1.2155686616897583, 0.22924263775348663], [0.4373522400856018, -0.3457649052143097, 0.5532726645469666], [0.7656111121177673, 0.8065685033798218, 0.04587884619832039], [0.7846764326095581, 1.150037407875061, 0.6855135560035706]], [[-0.007909678854048252, -0.4972155690193176, 0.10681615024805069], [0.10665266960859299, 0.35161274671554565, 0.9860205054283142], [0.7626618146896362, 1.0203001499176025, 0.08386093378067017], [0.07571827620267868, 0.1049036756157875, 0.28183475136756897], [0.5239071846008301, 0.5206812024116516, 0.23720835149288177], [0.5729715824127197, 0.9326518177986145, 0.3742265999317169], [0.15263672173023224, 1.0720531940460205, 0.1908225417137146], [0.2900325655937195, 0.47333407402038574, 0.45762160420417786], [0.3557828962802887, 1.0755826234817505, 0.7525980472564697], [0.13398654758930206, 0.9235209226608276, 0.6188132166862488], [0.4237508177757263, 0.24577830731868744, 0.3500828146934509]], [[0.8285014033317566, 0.9962658286094666, 0.14954473078250885], [0.2761094570159912, 1.1564445495605469, 1.1971442699432373], [0.8201825618743896, 0.4909382164478302, 0.4868142604827881], [0.08666016906499863, 0.9436776041984558, 1.2428913116455078], [0.3140399754047394, 0.1884641796350479, 0.9999699592590332], [0.37012186646461487, 0.5087578892707825, 0.7818120718002319], [-0.16164778172969818, 0.2785848081111908, 0.6274806261062622], [0.74448561668396, 0.7747552990913391, 0.23740418255329132], [0.17370247840881348, 0.2969459295272827, -0.02265000529587269], [0.14833390712738037, 0.06437384337186813, 0.5668976902961731], [0.24484483897686005, 0.8138216137886047, 0.39054352045059204]], [[0.6591817140579224, 1.0877727270126343, 0.4717892110347748], [1.0804803371429443, 1.0835347175598145, -0.5902177691459656], [0.8647711277008057, 0.9689416885375977, 1.008108377456665], [1.2490137815475464, 0.17139634490013123, 0.9884609580039978], [1.493491291999817, 0.5772226452827454, 0.11167645454406738], [0.38415592908859253, 1.4830336570739746, 0.6753063201904297], [0.5857203602790833, 1.290872573852539, 0.41475528478622437], [0.7824321389198303, 0.26708364486694336, 0.7344618439674377], [0.08003392070531845, 0.5676371455192566, 0.8441616892814636], [0.8207798004150391, 0.7019811868667603, 0.22098112106323242], [0.631569504737854, 0.8608192801475525, 0.48025399446487427]], [[0.5936542749404907, -0.07604087889194489, 0.15400807559490204], [0.11007826775312424, 0.3179367482662201, -0.22571106255054474], [0.8653330206871033, 1.1169241666793823, 0.5482288002967834], [1.232518196105957, 1.479841709136963, 0.6890959143638611], [-0.09076722711324692, 1.6853578090667725, -0.16712750494480133], [-0.0037138015031814575, -0.2452877014875412, 0.053417935967445374], [0.15722355246543884, 0.6723839044570923, 0.9487812519073486], [0.5519368648529053, -0.07685468345880508, 0.39811140298843384], [1.0557386875152588, 0.5256767868995667, 0.1852894425392151], [0.11181468516588211, 0.5417677760124207, 0.09807855635881424], [0.7148763537406921, 0.6102001070976257, 0.0943937599658966]], [[0.21427319943904877, 0.7649304866790771, 0.5503999590873718], [0.45998212695121765, 0.566870927810669, 0.9996322989463806], [0.9082838892936707, 0.9100782871246338, 0.8445546627044678], [0.5355744361877441, 0.5591672658920288, 0.07235568761825562], [-0.05105913057923317, 0.5391309857368469, 0.6035529375076294], [0.36845695972442627, -0.5294920802116394, 0.619274914264679], [0.9056382179260254, 0.3852752149105072, 0.4231402277946472], [0.7299850583076477, 0.9562764167785645, 0.7385296821594238], [0.6590899229049683, 1.5676486492156982, -0.3529801368713379], [0.7107028961181641, -0.4157404601573944, 1.3822546005249023], [0.12791918218135834, 0.4640609920024872, 0.03956344351172447]], [[0.41208887100219727, 0.8461127281188965, 0.4411371052265167], [1.7398871183395386, 0.4829232096672058, 0.1267615109682083], [0.1700958013534546, 0.4570206105709076, 0.23757462203502655], [0.757796585559845, 1.5240037441253662, 0.6679603457450867], [1.1086140871047974, -0.8863762021064758, 0.95807945728302], [0.41954919695854187, 0.5539398789405823, 0.46148180961608887], [-0.04142983257770538, -0.25581908226013184, 0.6992891430854797], [0.22402352094650269, 1.1179131269454956, 0.794542670249939], [-0.1600072979927063, 0.6808105707168579, 0.31827816367149353], [0.6563413143157959, 0.7683988213539124, 0.8925172090530396], [0.6020753979682922, 0.47935688495635986, 0.5905236005783081]]],