{"bias": 0.0013591182650998235, "branch": [[[0.23144745826721191, 0.33980852365493774, 0.8606663942337036], [1.1424057483673096, -0.11550921946763992, 0.20040234923362732], [1.3379582166671753, 0.24977907538414001, 0.7213711142539978], [0.36879995465278625, 0.1716591715812683, 0.5621670484542847], [0.6294903755187988, -0.5228386521339417, -0.08789262920618057], [1.1773033142089844, 0.3856350779533386, 1.242853045463562], [0.3093605637550354, 0.36849239468574524, 0.5619131326675415], [0.3388753831386566, 0.898777186870575, 0.8054221272468567], [0.9278443455696106, 0.46289482712745667, 0.4423593282699585]], [[0.13258616626262665, 0.32053717970848083, 0.8746843338012695], [0.8407902717590332, 1.2314320802688599, 1.160340428352356], [-0.0015233027515932918, 0.6322215795516968, 0.014104342088103294], [0.5232165455818176, 0.5584642887115479, 0.20089080929756165], [0.5030168294906616, 0.7854848504066467, 0.820746898651123], [1.0562520027160645, 1.0575623512268066, 1.042681097984314], [0.3913463354110718, 0.6756678223609924, 0.37316998839378357], [0.3385157287120819, 0.20106689631938934, 0.4052858352661133], [0.40596264600753784, 0.6348670125007629, 0.8839196562767029]], [[1.163520097732544, 0.6563803553581238, 0.12492462992668152], [1.5338618755340576, 0.4594053328037262, 0.48568564653396606], [-0.3561495244503021, -0.6449207663536072, 0.7966325283050537], [0.5956723093986511, 0.8653104305267334, 0.8151052594184875], [0.5541937351226807, 0.11082801222801208, 0.7523192763328552], [0.3345230519771576, 0.6478788256645203, 0.28408652544021606], [0.1497623771429062, 0.46204522252082825, 0.2880958616733551], [0.43642255663871765, 0.9021694660186768, 0.9610350728034973], [0.22887535393238068, 0.5219642519950867, 0.7301371097564697]], [[0.29071474075317383, 0.44254109263420105, -0.08260773867368698], [0.7082324028015137, 0.5844722986221313, 0.5959378480911255], [0.7472487092018127, 1.0575790405273438, 1.5991778373718262], [1.132399559020996, 0.8186728954315186, 0.11359512060880661], [0.9482551217079163, 1.4294756650924683, 0.8208606839179993], [0.5915068984031677, 0.7267846465110779, 0.8307663202285767], [-0.03809984400868416, 1.466004729270935, 0.8856444358825684], [0.4528365135192871, 0.2970995306968689, 0.8807286620140076], [0.8433198928833008, 0.2652944028377533, 0.5278637409210205]], [[0.38777899742126465, 1.2111470699310303, 0.7767754793167114], [-0.242409348487854, 1.182129979133606, -0.23960329592227936], [1.0664628744125366, 1.451664924621582, -0.03911414369940758], [-0.4081351161003113, 0.7690132260322571, 0.48047178983688354], [1.2127636671066284, 0.5406820774078369, 0.42338046431541443], [0.9131492972373962, 0.6054048538208008, -0.15752774477005005], [0.5612545013427734, 0.19339168071746826, 0.4756245017051697], [0.2961511015892029, 0.6046319603919983, 0.5670143961906433], [0.6265845894813538, 0.5504645705223083, 0.5135474801063538]], [[0.5289592742919922, 0.42632630467414856, 0.5153646469116211], [0.05674716830253601, 1.4714915752410889, 1.112481951713562], [-0.19899700582027435, 0.40193313360214233, 0.5090218782424927], [0.6817599534988403, 1.1851367950439453, -0.24618661403656006], [-0.49452006816864014, 1.531058669090271, 1.0006626844406128], [0.4206668436527252, 0.5773554444313049, 0.9544172286987305], [0.8559712767601013, 1.6201026439666748, 1.321874737739563], [0.17945507168769836, 0.443155437707901, 0.47904154658317566], [0.31927552819252014, -0.09137757867574692, -0.01531343162059784]], [[0.3186938464641571, 0.8364911079406738, -0.06631076335906982], [0.9025955200195312, 0.884913980960846, 0.565318763256073], [0.12584374845027924, 1.211715579032898, -0.4398922324180603], [0.09411556273698807, 0.7861709594726562, 0.9057794809341431], [0.9430009126663208, 0.17716452479362488, -0.20307284593582153], [0.5625463724136353, 0.6387171745300293, -0.13758176565170288], [1.110999345779419, 0.6342763900756836, 1.123799443244934], [0.030008619651198387, 1.195444107055664, 0.23385481536388397], [0.8281356692314148, 0.44124582409858704, 0.8716525435447693]], [[-0.17193984985351562, 1.0012612342834473, 0.25072377920150757], [1.0362370014190674, 1.1880459785461426, 0.056918371468782425], [-0.10358217358589172, 0.22341737151145935, 1.9221280813217163], [0.6689767241477966, 1.1135356426239014, 0.45395979285240173], [0.5150392651557922, 1.368004560470581, -0.16867734491825104], [0.5180323123931885, 1.05790376663208, 1.7360869646072388], [0.7068020105361938, -0.4694101810455322, 0.6602073311805725], [0.3664657175540924, 0.31126394867897034, 0.19481658935546875], [0.10331723839044571, 0.6554238796234131, 0.13472577929496765]], [[-0.19316814839839935, 0.8129708170890808, 0.7300493717193604], [0.4774453639984131, 1.3515300750732422, 0.18179336190223694], [1.8209621906280518, 2.1248250007629395, 0.7475847005844116], [0.6118451952934265, -0.20185986161231995, 0.29370081424713135], [-0.3624880909919739, 0.37215012311935425, 0.46522775292396545], [1.2425000667572021, 1.5108211040496826, 0.20867079496383667], [0.5722187757492065, 1.0510355234146118, 0.906689465045929], [0.11626878380775452, 0.6152551770210266, 0.5959554314613342], [0.44928985834121704, 1.0927248001098633, 0.20303510129451752]]], "trunk": [[0.12698279321193695, -0.003707864321768284, -0.23436453938484192, 0.3719231188297272, 0.22140927612781525, 0.4203812777996063, 0.4303559958934784, -0.010897078551352024, 0.9286702871322632], [-0.31469887495040894, 1.118613600730896, 0.24415147304534912, -0.023305082693696022, 0.2549365162849426, 0.39877772331237793, 0.2306690216064453, 0.6499049067497253, 0.4215165972709656], [0.8298825621604919, 0.8477703332901001, 1.2460517883300781, 0.6926137208938599, 0.521396279335022, 0.5760045051574707, -0.0960715115070343, -0.7280657291412354, 0.9779466390609741], [1.0304815769195557, 1.1572093963623047, 0.947040855884552, 0.0907648354768753, 0.5508158802986145, 0.5974722504615784, -0.10205958038568497, 0.7880581617355347, 0.9655933380126953], [0.26663774251937866, 0.522743284702301, 1.8355313539505005, 0.19997267425060272, 0.32638952136039734, 0.26769164204597473, 0.48493021726608276, 1.0125596523284912, 0.7377418279647827], [0.41116049885749817, 0.5600984692573547, 0.07540816813707352, -0.44700631499290466, 1.055609107017517, 0.36162319779396057, 0.936260998249054, 0.5029301643371582, 0.33822745084762573], [1.1293116807937622, 0.8191649317741394, 0.3027403652667999, 0.8169888257980347, 0.6832764148712158, -0.4496992826461792, 0.5648913383483887, 0.48890045285224915, 0.6565861701965332], [0.36907798051834106, -0.09511008858680725, 0.366394966840744, -0.9164688587188721, -0.3621978759765625, 0.25217553973197937, 0.9197508096694946, -0.11878038942813873, 0.3643750548362732], [1.1612335443496704, 0.952387273311615, -0.7693722248077393, 0.8772971630096436, 0.1639164239168167, 0.4264814853668213, 1.3000420331954956, -0.3265574276447296, 1.0235058069229126]]}