{"bias": 0.016411423683166504, "branch": [[[0.682575523853302, 0.8449572920799255], [0.910386860370636, 0.4901479184627533], [0.6368304491043091, 0.26209262013435364], [0.4077136814594269, 0.20649072527885437], [-0.11305585503578186, 0.6435189247131348], [0.8190341591835022, 0.724283754825592], [0.2149273008108139, 1.255100131034851], [-0.0733911544084549, 1.0210775136947632], [0.3117973804473877, 0.7499637603759766], [0.30637431144714355, 0.7872000336647034], [0.7947840690612793, 0.16907380521297455]], [[0.7556629776954651, 0.7984097003936768], [0.784477174282074, -0.24703195691108704], [0.17198416590690613, 0.15116168558597565], [1.2699964046478271, -0.1452661156654358], [0.2167433649301529, 0.09913551062345505], [0.6020001769065857, 0.3727973997592926], [-0.15938790142536163, 0.0032062199898064137], [0.5384525060653687, -0.10109792649745941], [0.13397888839244843, 0.1664746105670929], [0.013385823927819729, 0.35936427116394043], [0.37663957476615906, 0.40276628732681274]], [[0.24846962094306946, 0.5146194100379944], [0.6327876448631287, 0.5568135380744934], [0.033746059983968735, 0.2515873908996582], [0.8066461086273193, 0.9436518549919128], [0.5095058679580688, 0.7596087455749512], [0.8094264268875122, 0.612156093120575], [0.02033550664782524, 0.7132003903388977], [0.18936772644519806, -0.041089802980422974], [-0.0770876556634903, 0.47289276123046875], [0.3885854482650757, 0.7736889123916626], [1.0138447284698486, 0.004687283653765917]], [[0.7315844297409058, 0.12700675427913666], [0.7198614478111267, -0.013821498490869999], [0.6675893068313599, 0.2840876281261444], [0.3270743191242218, -0.04655022919178009], [0.2515350878238678, 0.10746341198682785], [0.734885036945343, 0.7589420080184937], [0.8892399668693542, 0.5293006300926208], [0.6852598786354065, 0.7516517043113708], [0.03209652751684189, 1.0551880598068237], [0.4894539713859558, 0.22321762144565582], [1.0900803804397583, 0.1275254189968109]], [[0.8841400742530823, 1.0282260179519653], [0.8355969190597534, 0.8051663637161255], [0.3115939199924469, -0.09739572554826736], [0.76516193151474, 0.6985440254211426], [0.7845575213432312, 0.830626904964447], [0.42421504855155945, 0.4039205312728882], [0.9997919201850891, 0.6714717745780945], [0.7832061648368835, -0.332549512386322], [0.32041382789611816, 0.45415621995925903], [0.3754855692386627, 0.7285007238388062], [0.7875033617019653, 0.9626586437225342]], [[0.3552042543888092, 1.0403954982757568], [0.746431827545166, 0.5721935033798218], [0.5762349963188171, 0.41884005069732666], [-0.6446623802185059, 0.09547235071659088], [0.08307355642318726, 0.48741602897644043], [0.07089345157146454, 0.4756569266319275], [0.9029104113578796, 0.6556558609008789], [0.321201354265213, 0.6042428016662598], [0.7146167755126953, 1.1179519891738892], [0.1297222077846527, 0.48130106925964355], [0.48035892844200134, 0.008384380489587784]], [[0.9981895685195923, 0.6718177199363708], [0.13736097514629364, 0.6992815732955933], [0.6641929745674133, 0.8102194666862488], [0.37112322449684143, 0.30804312229156494], [0.6622886657714844, 0.5626769661903381], [0.7046788930892944, 1.0230340957641602], [1.1105936765670776, 0.34469613432884216], [0.2490820288658142, 0.12281256169080734], [0.18701143562793732, 0.8393711447715759], [1.1018296480178833, -0.433365136384964], [0.7801703214645386, 0.6963176727294922]], [[0.6223403215408325, 1.0274220705032349], [0.6213647127151489, 0.3979465961456299], [0.5534180998802185, 0.30907297134399414], [0.9850812554359436, 0.0284322090446949], [0.09856439381837845, 0.544563889503479], [0.95220947265625, 0.40266600251197815], [1.307902455329895, 0.23846378922462463], [0.6344849467277527, 0.32015249133110046], [0.17628861963748932, 1.100892186164856], [0.30472034215927124, 0.42614036798477173], [0.6240753531455994, -0.9798344373703003]], [[0.7045719623565674, 0.08019313961267471], [0.5051222443580627, 0.8148744106292725], [0.7916740775108337, 0.10113377124071121], [0.818597674369812, 0.9561095833778381], [0.5359541773796082, 0.41301119327545166], [0.5517686009407043, 1.1307393312454224], [1.246431589126587, 0.2351173311471939], [0.8616508841514587, 0.8457110524177551], [0.5451301336288452, 0.3439285457134247], [0.8669301867485046, 1.3187395334243774], [0.6223018765449524, 1.1728018522262573]], [[0.8495656251907349, 0.47025755047798157], [0.8999679684638977, -0.1378331482410431], [0.8447786569595337, 0.022597305476665497], [0.37390950322151184, -0.13726475834846497], [1.4537770748138428, 0.4141768515110016], [0.5281757712364197, 0.7068758606910706], [0.9845638275146484, 0.4703700542449951], [1.2244465351104736, -0.8749585151672363], [0.7904813289642334, 0.6038243770599365], [0.7728299498558044, -0.40079614520072937], [1.0253850221633911, -0.14874093234539032]], [[1.2047483921051025, 0.29974785447120667], [0.7565250396728516, 1.3911559581756592], [1.2287737131118774, 0.5155214667320251], [0.9103069305419922, 1.0278836488723755], [0.1189858689904213, 0.21247227489948273], [0.30959025025367737, 0.41559934616088867], [0.9916232228279114, 1.5882854461669922], [0.349056601524353, 1.4588598012924194], [0.7802053689956665, 0.7397372722625732], [1.2070637941360474, -0.13874314725399017], [0.45317357778549194, 0.9046652913093567]]], "trunk": [[1.1102722883224487, 0.3696695864200592, 0.5441882014274597, 0.48064252734184265, 0.3853645920753479, 0.9652039408683777, 0.42464679479599, 0.6503797769546509, 0.3874276280403137, 1.1958017349243164, -0.1463650017976761], [1.7089600563049316, 0.45618319511413574, 0.6552931070327759, 0.7128448486328125, 0.48020514845848083, -0.11203769594430923, 0.15197451412677765, -0.05145765841007233, 0.3568006753921509, 0.5521488189697266, 0.22338013350963593], [0.13780660927295685, 0.3328263461589813, 0.07559669762849808, 0.18930365145206451, 0.7591390013694763, 0.6188365817070007, 0.6764098405838013, 1.3717888593673706, 0.8873142004013062, 1.481662631034851, 0.0011351417051628232], [1.0518252849578857, 0.6047545075416565, 0.5960518717765808, 0.5092166662216187, 0.07843884080648422, 0.19928430020809174, 0.0644553005695343, 0.3266877233982086, 0.37160009145736694, 1.093729019165039, -0.2894625663757324], [0.7445893287658691, 0.32891952991485596, 1.118027925491333, 0.3303905427455902, -0.45795977115631104, 0.38728585839271545, 1.4042361974716187, 0.6999617218971252, 0.6833449006080627, 0.9106925129890442, 0.15939961373806], [0.37898656725883484, -0.058915942907333374, 0.30303633213043213, 0.8599912524223328, 0.3886159360408783, 0.24035529792308807, -0.23174336552619934, 0.14650657773017883, 0.9000247716903687, 0.36306825280189514, -0.36898452043533325], [0.022998269647359848, 0.8161764740943909, 0.4240742027759552, 0.41036632657051086, -0.02815886028110981, 0.2131277173757553, 1.1474593877792358, 1.064076542854309, 0.4644981622695923, 0.10760530084371567, 0.8163706660270691], [0.6100866794586182, 0.5025807619094849, 0.2767714262008667, 1.215715765953064, 0.541210412979126, -0.22176143527030945, 0.9711224436759949, 1.0027501583099365, 0.3192101716995239, 0.25855061411857605, 0.5208467245101929], [0.43006134033203125, 0.37839075922966003, -0.2921034097671509, -0.025327783077955246, -0.34382539987564087, -0.7043542861938477, 0.440177321434021, -0.009972544386982918, 1.3796566724777222, 0.3487338423728943, 0.45525339245796204], [0.3281027376651764, 1.1906285285949707, 1.104910969734192, 1.1178110837936401, 0.7241239547729492, 0.4825259745121002, 1.0491560697555542, 1.179927110671997, -0.2274455726146698, 0.159043088555336, 0.0060644131153821945], [0.15616582334041595, 1.184365153312683, 1.2270565032958984, 0.23113994300365448, 0.8009364604949951, 1.0950678586959839, 0.1475883573293686, -0.6429762840270996, -0.4614279568195343, 0.8213550448417664, -0.010213525965809822]]}