{"bias": -0.09396820515394211, "branch": [[[0.12846018373966217, 1.1800504922866821, -0.12517088651657104], [0.2802085876464844, 0.3271649479866028, 0.02922772616147995], [1.480788230895996, 0.36158159375190735, 0.593757152557373], [1.223671793937683, 0.9680955410003662, 0.7222172021865845], [0.9503862857818604, 0.7931695580482483, -0.1536204218864441], [0.5956003069877625, -0.07102415710687637, 0.5239660739898682], [-0.1716582030057907, 0.09224553406238556, 0.5886555910110474], [0.7426846027374268, -0.15824858844280243, 0.1869450807571411], [0.8463387489318848, 0.15227341651916504, 0.14663371443748474], [0.8079114556312561, -0.12379980087280273, 0.0560053214430809], [1.1219412088394165, 0.18873172998428345, 0.5041881203651428], [0.8546044230461121, 1.0570012331008911, 0.38416340947151184], [0.08437328040599823, 0.18222293257713318, 0.04087753966450691]], [[0.4801177382469177, 0.527228057384491, 0.012911375612020493], [-0.15503127872943878, 0.6327590346336365, 0.5724909901618958], [0.8602749705314636, 0.726689338684082, 0.6204769611358643], [0.9375717639923096, -0.18261292576789856, 0.38773804903030396], [-0.009479552507400513, 0.4039858281612396, 0.6296066045761108], [0.5492013692855835, 0.812677800655365, 0.40480756759643555], [0.12157425284385681, 0.8574842214584351, 0.4981692433357239], [0.8727696537971497, 0.519895076751709, 0.5930721759796143], [0.728529691696167, 0.8417918086051941, 0.1798543632030487], [0.4405406415462494, 0.6515882015228271, 0.36256760358810425], [0.6568285822868347, 0.7632983326911926, 0.30752354860305786], [0.7846441864967346, 0.945135772228241, 1.1124272346496582], [0.7222351431846619, 0.7614778876304626, 0.38615819811820984]], [[0.8489439487457275, 0.7354524731636047, 0.5156761407852173], [0.4940286874771118, 0.8225823044776917, -0.054865799844264984], [0.6748362183570862, 0.06407900899648666, 0.8027253746986389], [0.7959761023521423, 0.7515697479248047, 0.10678011178970337], [0.6256148219108582, 0.41472136974334717, 0.4063650667667389], [1.0098731517791748, -0.1670507937669754, 0.9968017935752869], [-0.08318711072206497, -0.04511897265911102, 1.1890543699264526], [0.3228219449520111, -0.14650239050388336, 0.9740915298461914], [1.0067061185836792, -0.3123854696750641, 0.44493308663368225], [0.9419205188751221, 1.1757601499557495, 0.49440428614616394], [0.8989469408988953, 0.4853224754333496, 0.22041329741477966], [0.6507168412208557, -0.08716598898172379, 0.7696431279182434], [0.48971015214920044, 1.0546388626098633, 0.4490095376968384]], [[0.4781111776828766, 0.7863283157348633, 0.16376738250255585], [-0.08017654716968536, 0.03516574576497078, 0.6628620028495789], [0.16043898463249207, 1.1477102041244507, 0.006263201590627432], [0.3379550576210022, 1.3455852270126343, -0.004338668659329414], [0.8144380450248718, 0.7928743362426758, 0.3093577027320862], [0.5354323983192444, 0.6431998610496521, 1.7667237520217896], [0.46464574337005615, 1.0957006216049194, 0.36141055822372437], [0.5225740075111389, 0.86435467004776, 0.5275923609733582], [0.8381258249282837, 0.07642421126365662, 1.1098887920379639], [0.49210259318351746, 1.1136536598205566, 0.5027634501457214], [0.26278501749038696, 1.1775472164154053, 1.1524094343185425], [0.804305911064148, 1.3254485130310059, 0.580605149269104], [0.8390820026397705, 0.6298480033874512, 0.3092658519744873]], [[-0.11670634895563126, 0.2685973644256592, 0.36238008737564087], [0.45148009061813354, 1.5916483402252197, 0.8419678211212158], [0.8216655254364014, 0.3119288384914398, 0.5465672612190247], [-0.3453388214111328, 0.7749225497245789, 0.6496832370758057], [0.4652910530567169, 1.5072580575942993, 0.4481663703918457], [1.2320225238800049, 0.7436521053314209, 0.38097891211509705], [0.27257877588272095, -0.39995166659355164, 0.6400104761123657], [0.16044190526008606, 1.1564338207244873, -0.1892392635345459], [0.9375078082084656, 0.5618392825126648, 1.0918159484863281], [0.4828430116176605, 0.8515762090682983, 0.19482894241809845], [0.5802037715911865, 0.6877603530883789, 0.5104972124099731], [0.8960626721382141, 0.9709504246711731, 0.43396151065826416], [0.4483443796634674, 0.5237005949020386, 0.46008095145225525]], [[0.6271294355392456, 1.1334967613220215, 0.9489961266517639], [0.7715471386909485, 0.581059455871582, 0.08750876784324646], [-0.05185602605342865, 1.065816879272461, 0.8544732928276062], [0.2764216661453247, 1.0333484411239624, 0.12500996887683868], [0.47470518946647644, 0.6394123435020447, 0.791692316532135], [0.8437962532043457, 0.17556776106357574, 0.4526154100894928], [0.8253123164176941, 0.2791878581047058, 0.3115379512310028], [-0.04444156587123871, -0.11740618944168091, -0.07604052871465683], [0.3674747347831726, 0.8212836384773254, 0.423162043094635], [0.6062358021736145, 0.5195791721343994, 0.6507017612457275], [0.8374298214912415, 1.0312600135803223, 0.8497039079666138], [0.15033942461013794, 0.5813941955566406, 0.5782344341278076], [0.7243658304214478, 1.0940980911254883, 0.4632834792137146]], [[0.5718862414360046, 0.7513890862464905, 1.0388187170028687], [0.8671970963478088, 0.3362636864185333, 0.804903507232666], [0.02219771035015583, 0.9563928246498108, 0.23054538667201996], [0.40868908166885376, 1.5211836099624634, 1.0622622966766357], [0.3631841540336609, 1.1397103071212769, 0.039035119116306305], [0.474089652299881, 0.34910279512405396, 0.33130618929862976], [0.31531983613967896, 0.783076822757721, 0.2988942563533783], [0.2698509097099304, 0.48367977142333984, -0.08292286098003387], [0.19371885061264038, 0.0021195760928094387, 0.5826687812805176], [0.47772276401519775, 0.8715669512748718, 0.6251626014709473], [0.56012362241745, 1.3699721097946167, 0.13062037527561188], [0.6157522201538086, -0.44352880120277405, 0.7002479434013367], [1.0182857513427734, 0.6408383846282959, -0.1906418651342392]], [[0.6093698740005493, 0.10602038353681564, 0.9107633233070374], [0.7971073985099792, 0.4277978837490082, 0.29269278049468994], [0.780146062374115, 0.861534059047699, 0.5387409329414368], [1.4180066585540771, 1.323311686515808, 0.14314596354961395], [0.13071468472480774, 1.1574445962905884, 0.2623617947101593], [0.29081588983535767, -0.09766381978988647, -0.0355699397623539], [0.6709688901901245, 0.5683112740516663, -0.10908419638872147], [0.32048362493515015, -0.37361589074134827, 0.15581196546554565], [0.6663203835487366, 1.2990847826004028, 0.3266197443008423], [0.7789645195007324, 1.647465467453003, 0.9286507964134216], [0.8454275727272034, 0.759890079498291, 0.3062126636505127], [0.710261344909668, 0.3397009074687958, -0.08208153396844864], [0.06522845476865768, 0.37140166759490967, -0.0015956622082740068]], [[0.2294122725725174, 0.6602595448493958, 0.6862229704856873], [0.45241233706474304, 0.5059165358543396, -0.26737526059150696], [0.4042370319366455, 1.286949872970581, 0.47490042448043823], [0.2732091546058655, 0.28914937376976013, 0.5432499051094055], [0.5225124955177307, -0.356814444065094, 0.6897396445274353], [-0.026684891432523727, 1.1583582162857056, 0.29387637972831726], [0.2879876494407654, 0.8925065398216248, 1.0638192892074585], [-0.20319651067256927, -0.4872087836265564, 0.1508372277021408], [0.1108844131231308, 0.667608380317688, 0.41120749711990356], [1.385559320449829, 0.17436181008815765, 0.5949500203132629], [-0.12639249861240387, 0.8277086019515991, 1.0000500679016113], [0.4028494358062744, 0.4957009255886078, 1.127078652381897], [-0.06889966875314713, 0.15554989874362946, 0.6129597425460815]], [[0.13506154716014862, 0.2790206968784332, 0.6474270224571228], [0.4312940537929535, 0.9163796305656433, 0.0005388112040236592], [0.9208587408065796, 0.4171002209186554, 0.4585748016834259], [1.3016163110733032, 0.4533553421497345, 1.0195058584213257], [0.5268452763557434, 0.9835732579231262, 1.2639455795288086], [0.17133627831935883, 0.30809950828552246, 0.7242158651351929], [0.4861815571784973, -0.009589415043592453, 1.1265623569488525], [0.329887717962265, 0.6834160089492798, 0.6482123136520386], [0.8611482977867126, 0.917617678642273, 